insert into medical_app.illness values ('stroke', 'numbness, blurred vision, loss of speech, vomiting, nausea, fever, trouble swallowing, headache, loss of consciousness, dizziness', 'give Warfarin Sodium, give aspirin, remove clot, surgery to repair the aneurysm, surgery to remove blood build up inside the brain', 'warfarin sodium, aspirin', 5);
insert into medical_app.illness values ('heart attack', 'difficulty breathing, nausea, dizziness, rapid heartbeat', 'give morphine sulfate, give aspirin, give warfarin sodium, emergency angioplasty, surgery to remove clot, surgery to reopen a clogged artery, surgery to bypass blocked arteries', 'morphine sulfate, aspirin, warfarin sodium', 5);
insert into medical_app.illness values ('hypoglycemia', 'dizziness, hunger, sweating, rapid heartbeat, headache, loss of consciousness', 'drink one-half cup of regular soda, drink cup of milk, eat 1 tablespoon of sugar, eat 1 tablespoon of honey, eat one-quarter cup raisins, drink 2 large or 6 small sugar cubes dissolved in water, drink half cup of fruit juice, eat five to six pieces of hard candy, give glucose tablets, give glucagon injection', 'glucose tablets, glucagon injection', 2);
insert into medical_app.illness values ('hyperglycemia', 'thirsty, headaches, blurred vision', 'give intravenous fluids, give potassium chloride, give acarbose', 'potassium chloride, acarbose', 2);
insert into medical_app.illness values ('seizure', 'drooling, shaking, muscle spasms', 'lay the person on the ground, cushion head, loosen tight clothing, turn the person on their side, give carbamazepine, give felbamate, give lorazepam', 'carbamazepine, felbamate, lorazepam', 4);
insert into medical_app.illness values ('anaphylaxis', 'coughing, dizziness, hives, difficulty breathing, rapid heartbeat, swollen throat, vomiting, diarrhea, weak pulse', 'give epinephrine, put a tube down your mouth or nose, tracheostomy, give cyproheptadine hcl', 'epinephrine, cyproheptadine hcl', 5);
insert into medical_app.illness values ('food poisoning', 'diarrhea, nausea, vomiting', 'give gentamicin sulfate, give loperamide hcl', 'gentamicin sulfate, loperamide hcl', 1);
insert into medical_app.illness values ('sider bite', 'hives', 'clean the bite with mild soap and water, apply a cool compress to the bite, elevate, give acetaminophen, give ibuprofen, give cyproheptadine hcl', 'acetaminophen, ibuprofen, cyproheptadine hcl', 1);
insert into medical_app.illness values ('snake bite', 'two puncture wounds, difficulty breathing, vomiting, nausea, blurred vision', 'keep still, remove constricting clothing or jewelry, give tetanus toxoid, give antivenom', 'tetanus toxoid, antivenom', 3);
insert into medical_app.illness values ('jellyfish sting', 'burning, stinging pain', 'rinse the area with salt water, apply vinegar to the area, apply baking soda paste to the area, give cyproheptadine hcl, give acetaminophen, give ibuprofen', 'cyproheptadine hcl, acetaminophen, ibuprofen', 1);
insert into medical_app.illness values ('gastrointestinal bleeding', 'blood in stool, vomiting blood', 'blood transfusion, esophagogastroduodenoscopy, gastric lavage, give omeprazole magnesium, give erythromycin base, give metoclopramide hcl', 'omeprazole magnesium, erythromycin base, metoclopramide hcl', 4);
insert into medical_app.illness values ('hypothermia', 'shivering, dizziness, hunger, nausea, loss of consciousness, weak pulse', 'limit movements, move to a warm and dry location, remove wet clothing, cover the person with blankets, apply warm and dry compresses to the neck and chest, rewarm the blood with a hemodialysis machine, inject a warm salt water solution into a vein, warm the airway with humidified oxygen', 'N/A', 5);
insert into medical_app.illness values ('alcohol intoxication', 'loss of consciousness, enlarged pupils, loss of balance, nausea, vomiting', 'give ondansetron, give thiamine, give oxygen', 'ondansetron, thiamine', 3);
insert into medical_app.illness values ('pneumonia', 'coughing, fever, sweating, nausea, vomiting, diarrhea', 'give gentamicin sulfate, use inhaler, use nebulizer, give acetaminophen, give ibuprofen, give aspirin', 'gentamicin sulfate, acetaminophen, ibuprofen, aspirin', 3);

insert into medical_app.symptom values ('numbness', 'stroke');
insert into medical_app.symptom values ('blurred vision', 'stroke, hyperglycemia, snake bite');
insert into medical_app.symptom values ('loss of speech', 'stroke');
insert into medical_app.symptom values ('vomiting', 'stroke, anaphylaxis, food poisoning, snake bite, alcohol intoxication, pneumonia');
insert into medical_app.symptom values ('nausea', 'stroke, heart attack, food poisoning, snake bite, hypothermia, alcohol intoxication, pneumonia');
insert into medical_app.symptom values ('fever', 'stroke, pneumonia');
insert into medical_app.symptom values ('trouble swallowing', 'stroke, anaphylaxis');
insert into medical_app.symptom values ('headache', 'stroke, hypoglycemia, hyperglycemia');
insert into medical_app.symptom values ('loss of consciousness', 'stroke, hypoglycemia, hypothermia, alcohol intoxication');
insert into medical_app.symptom values ('dizziness', 'stroke, heart attack, hypoglycemia, hypothermia, anaphylaxis');
insert into medical_app.symptom values ('difficulty breathing', 'heart attack, anaphylaxis, snake bite');
insert into medical_app.symptom values ('rapid heartbeat', 'heat attack, hypoglycemia, anaphylaxis');
insert into medical_app.symptom values ('hunger', 'hypoglycemia, hypothermia');
insert into medical_app.symptom values ('sweating', 'hypoglycemia, pneumonia');
insert into medical_app.symptom values ('thirsty', 'hyperglycemia');
insert into medical_app.symptom values ('drooling', 'seizure');
insert into medical_app.symptom values ('shaking', 'seizure');
insert into medical_app.symptom values ('muscle spasms', 'seizure');
insert into medical_app.symptom values ('diarrhea', 'food poisoning, pneumonia, anaphylaxis');
insert into medical_app.symptom values ('hives', 'spider bite, anaphylaxis');
insert into medical_app.symptom values ('two puncture wounds', 'snake bite');
insert into medical_app.symptom values ('burning', 'jellyfish sting');
insert into medical_app.symptom values ('stinging pain', 'jellyfish sting');
insert into medical_app.symptom values ('blood in stool', 'gastrointestinal bleeding');
insert into medical_app.symptom values ('vomiting blood', 'gastrointestinal bleeding');
insert into medical_app.symptom values ('shivering', 'hypothermia');
insert into medical_app.symptom values ('weak pulse', 'hypothermia, anaphylaxis');
insert into medical_app.symptom values ('enlarged pupils', 'alcohol intoxication');
insert into medical_app.symptom values ('loss of balance', 'alcohol intoxication');
insert into medical_app.symptom values ('coughing', 'pneumonia, anaphylaxis');
insert into medical_app.symptom values ('swollen throat', 'anaphylaxis');

insert into medical_app.sideeffects values('nausea', 'warfarin sodium, morphine sulfate, glucagon injection, potassium chloride, carbamazepine, felbamate, lorazepam, epinephrine, ibuprofen, gentamicin sulfate, tetanus toxoid, antivenom, erythromycin base, thiamine');
insert into medical_app.sideeffects values('loss of appetite', 'warfarin sodium, felbamate, gentamicin sulfate, erythromycin base');
insert into medical_app.sideeffects values('abdominal pain', 'warfarin sodium, acarbose, omeprazole magnesium, erythromycin base');
insert into medical_app.sideeffects values('upset stomach', 'aspirin, potassium chloride, acarbose, ibuprofen, gentamicin sulfate');
insert into medical_app.sideeffects values('heartburn', 'aspirin, lorazepam');
insert into medical_app.sideeffects values('vomiting', 'morphine sulfate, glucagon injection, potassium chloride, carbamazepine, felbamate, epinephrine, ibuprofen, gentamicin sulfate, antivenom, erythromycin base');
insert into medical_app.sideeffects values('dizziness', 'morphine sulfate, carbamazepine, felbamate, lorazepam, epinephrine, cyproheptadine hcl, ibuprofen, loperamide hcl, metoclopramide hcl, ondansetron');
insert into medical_app.sideeffects values('drowsiness', 'morphine sulfate, lorazepam, cyproheptadine hcl, ibuprofen, loperamide hcl, metoclopramide hcl, felbamate, carbamazepine');
insert into medical_app.sideeffects values('diarrhea', 'potassium chloride, acarbose, ibuprofen, erythromycin base, metoclopramide hcl');
insert into medical_app.sideeffects values('headache', 'omeprazole magnesium, metoclopramide hcl, ondansetron, ibuprofen, epinephrine, lorazepam, felbamate');
insert into medical_app.sideeffects values('fast heartbeat', 'glucagon injection, ondansetron, epinephrine');
insert into medical_app.sideeffects values('sweating', 'thiamine, antivenom, epinephrine, morphine sulfate');
insert into medical_app.sideeffects values('constipation', 'morphine sulfate, acarbose, carbamazepine, felbamate, lorazepam, cyproheptadine hcl, ibuprofen, loperamide hcl');
insert into medical_app.sideeffects values('tiredness', 'metoclopramide hcl, loperamide hcl, tetanus toxoid');
insert into medical_app.sideeffects values('fever', 'tetanus toxoid, ondansetron');
insert into medical_app.sideeffects values('weakness', 'thiamine, ondansetron');
insert into medical_app.sideeffects values('dry mouth', 'cyproheptadine hcl, carbamazepine, morphine sulfate');
insert into medical_app.sideeffects values('blurred vision', 'cyproheptadine hcl, lorazepam, felbamate');

insert into medical_app.medication values('warfarin sodium', 'capecitabine, imatinib, mifepristones, aspirin, ibuprofen, tetanus toxoid', 'oblong', 'pink', 'TV 1, 1712', 'nausea, loss of appetite, abdominal pain');
insert into medical_app.medication values('aspirin', 'mifepristone, acetazolamide, warfarin, corticosteroids, methotrexate, valproic acid', 'round', 'white', 'BAYER', 'upset stomach, heartburn');
insert into medical_app.medication values('morphine sulfate', 'cimetidine, rifampin, naltrexone', 'N/A', 'N/A', 'N/A', 'nausea, vomiting, constipation, dizziness, drowsiness, sweating, dry mouth');
insert into medical_app.medication values('glucose tablets', 'fludeoxyglucose f18', 'four-sided', 'white', 'BD', 'N/A');
insert into medical_app.medication values('glucagon injection', 'N/A', 'N/A', 'N/A', 'N/A', 'nausea, vomiting, fast heartbeat');
insert into medical_app.medication values('potassium chloride', 'acetaminophen, aspirin, ibuprofen', 'elliptical/oval', 'white', 'US 10', 'diarrhea, nausea, upset stomach, vomiting');
insert into medical_app.medication values('acarbose', 'activated charcoal, amylase, pancreatin', 'round', 'white', '54 311', 'diarrhea, upset stomach, constipation, abdominal pain');
insert into medical_app.medication values('carbamazepine', 'itraconazole, isavuconazonium', 'oblong', 'pink', 'TEGRETOL, 27 27', 'nausea, vomiting, dizziness, drowsiness, constipation, dry mouth');
insert into medical_app.medication values('felbamate', 'clopidogrel', 'oblong', 'yellow', 'FELBATOL  400 and 0430', 'drowsiness, dizziness, nausea, vomiting, constipation, headache, blurred vision, loss of appetite');
insert into medical_app.medication values('lorazepam', 'clozapine, kava, sodium oxybate', 'round', 'illnesswhite', 'I, L', 'drowsiness, dizziness, headache, nausea, blurred vision, constipation, heartburn');
insert into medical_app.medication values('epinephrine', 'amiodarone, propranolol, digoxin, entacapone, ergotamine, isocarboxazid, chlorpromazine, levothyroxine, amitriptyline', 'N/A', 'N/A', 'N/A', 'fast heartbeat, sweating, nausea, vomiting, headache, dizziness');
insert into medical_app.medication values('cyproheptadine hcl', 'diphenhydramine, alprazolam, codeine', 'round', 'white', '93 2929', 'drowsiness, dizziness, blurred vision, constipation, dry mouth');
insert into medical_app.medication values('acetaminophen', 'ketoconazole', 'round', 'white', '44 104', 'N/A');
insert into medical_app.medication values('ibuprofen', 'aliskiren, captopril, losartan, cidofovir, prednisone, lithium, furosemide', 'round', 'brown', '44 291', 'upset stomach, nausea, vomiting, headache, diarrhea, constipation, dizziness, drowsiness');
insert into medical_app.medication values('gentamicin sulfate', 'amikacin, tobramycin, amphotericin b, cidofovir, cisplatin, polymyxin b, cephaloridine, ibuprofen', 'N/A', 'N/A', 'N/A', 'nausea, vomiting, upset stomach, loss of appetite');
insert into medical_app.medication values('tetanus toxoid', 'warfarin, hydrocortisone, prednisone, cyclosporine, tacrolimus', 'N/A', 'N/A', 'N/A', 'fever, nausea, tiredness');
insert into medical_app.medication values('loperamide hcl', 'pramlintide', 'N/A', 'N/A', 'N/A', 'dizziness, drowsiness, tiredness, constipation');
insert into medical_app.medication values('antivenom', 'N/A', 'N/A', 'N/A', 'N/A', 'nausea, vomiting, sweating');
insert into medical_app.medication values('omeprazole magnesium', 'cilostazol, clopidogrel, methotrexate, rifampin', 'oblong', 'reddish-brown', 'P', 'headache, abdominal pain');
insert into medical_app.medication values('erythromycin base', 'clindamycin, digoxin', 'oblong', 'pink', 'EB', 'nausea, vomiting, diarrhea, abdominal pain, loss of appetite');
insert into medical_app.medication values('metoclopramide hcl', 'aripiprazole, atovaquone, cabergoline, fosfomycin, pramlintide, promethazine', 'oblong', 'white', 'REGLAN, ANI 10', 'drowsiness, dizziness, tiredness, headache, diarrhea');
insert into medical_app.medication values('ondansetron', 'duloxetine, tramadol, trazodone, albuterol, polyethylene glycol 3350, promethazine', 'oval', 'white', 'ZOFRAN 4', 'dizziness, fast heartbeat, fever, headache, weakness');
insert into medical_app.medication values('thiamine', 'N/A', 'N/A', 'N/A', 'N/A', 'nausea, sweating, weakness');

insert into medical_app.conflictingmed values('warfarin sodium', 'capecitabine, imatinib, mifepristones, aspirin, ibuprofen, tetanus toxoid');
insert into medical_app.conflictingmed values('aspirin', 'mifepristone, acetazolamide, warfarin, corticosteroids, methotrexate, valproic acid');
insert into medical_app.conflictingmed values('morphine sulfate', 'cimetidine, rifampin, naltrexone');
insert into medical_app.conflictingmed values('glucose tablets', 'fludeoxyglucose f18');
insert into medical_app.conflictingmed values('glucagon injection', 'N/A');
insert into medical_app.conflictingmed values('potassium chloride', 'acetaminophen, aspirin, ibuprofen');
insert into medical_app.conflictingmed values('acarbose', 'activated charcoal, amylase, pancreatin');
insert into medical_app.conflictingmed values('carbamazepine', 'itraconazole, isavuconazonium');
insert into medical_app.conflictingmed values('felbamate', 'clopidogrel');
insert into medical_app.conflictingmed values('lorazepam', 'clozapine, kava, sodium oxybate');
insert into medical_app.conflictingmed values('epinephrine', 'amiodarone, propranolol, digoxin, entacapone, ergotamine, isocarboxazid, chlorpromazine, levothyroxine, amitriptyline');
insert into medical_app.conflictingmed values('cyproheptadine hcl', 'diphenhydramine, alprazolam, codeine');
insert into medical_app.conflictingmed values('acetaminophen', 'ketoconazole');
insert into medical_app.conflictingmed values('ibuprofen', 'aliskiren, captopril, losartan, cidofovir, prednisone, lithium, furosemide');
insert into medical_app.conflictingmed values('gentamicin sulfate', 'amikacin, tobramycin, amphotericin b, cidofovir, cisplatin, polymyxin b, cephaloridine, ibuprofen');
insert into medical_app.conflictingmed values('tetanus toxoid', 'warfarin, hydrocortisone, prednisone, cyclosporine, tacrolimus');
insert into medical_app.conflictingmed values('loperamide hcl', 'pramlintide');
insert into medical_app.conflictingmed values('antivenom', 'N/A');
insert into medical_app.conflictingmed values('omeprazole magnesium', 'cilostazol, clopidogrel, methotrexate, rifampin');
insert into medical_app.conflictingmed values('erythromycin base', 'clindamycin, digoxin');
insert into medical_app.conflictingmed values('metoclopramide hcl', 'aripiprazole, atovaquone, cabergoline, fosfomycin, pramlintide, promethazine');
insert into medical_app.conflictingmed values('ondansetron', 'duloxetine, tramadol, trazodone, albuterol, polyethylene glycol 3350, promethazine');
insert into medical_app.conflictingmed values('thiamine', 'N/A');
